﻿1;2020-09-23;16.00.08;16,9;92,1;
2;2020-09-23;18.00.08;15,5;95,0;
3;2020-09-23;20.00.08;14,3;100,0;
4;2020-09-23;22.00.08;12,3;100,0;
5;2020-09-24;00.00.08;12,3;100,0;
6;2020-09-24;02.00.08;13,8;100,0;
7;2020-09-24;04.00.08;13,2;100,0;
8;2020-09-24;06.00.08;13,5;100,0;
9;2020-09-24;08.00.08;12,8;100,0;
10;2020-09-24;10.00.08;13,7;100,0;
11;2020-09-24;12.00.08;15,3;100,0;
12;2020-09-24;14.00.08;18,7;90,4;
13;2020-09-24;16.00.08;19,4;90,4;
14;2020-09-24;18.00.08;18,3;92,1;
15;2020-09-24;20.00.08;17,2;93,6;
16;2020-09-24;22.00.08;16,0;97,6;
17;2020-09-25;00.00.08;15,5;100,0;
18;2020-09-25;02.00.08;15,0;100,0;
19;2020-09-25;04.00.08;14,9;100,0;
20;2020-09-25;06.00.08;15,2;100,0;
21;2020-09-25;08.00.08;15,0;100,0;
22;2020-09-25;10.00.08;14,8;100,0;
23;2020-09-25;12.00.08;15,3;100,0;
24;2020-09-25;14.00.08;15,8;100,0;
25;2020-09-25;16.00.08;16,8;99,9;
26;2020-09-25;18.00.08;16,4;100,0;
27;2020-09-25;20.00.08;15,6;100,0;
28;2020-09-25;22.00.08;15,2;100,0;
29;2020-09-26;00.00.08;15,0;97,7;
30;2020-09-26;02.00.08;14,4;98,1;
31;2020-09-26;04.00.08;13,7;99,1;
32;2020-09-26;06.00.08;13,5;100,0;
33;2020-09-26;08.00.08;13,3;100,0;
34;2020-09-26;10.00.08;14,8;98,4;
35;2020-09-26;12.00.08;16,4;94,3;
36;2020-09-26;14.00.08;17,9;87,5;
37;2020-09-26;16.00.08;18,2;87,4;
38;2020-09-26;18.00.08;17,4;89,3;
39;2020-09-26;20.00.08;16,1;92,9;
40;2020-09-26;22.00.08;14,9;98,1;
41;2020-09-27;00.00.08;13,9;100,0;
42;2020-09-27;02.00.08;13,2;100,0;
43;2020-09-27;04.00.08;13,4;100,0;
44;2020-09-27;06.00.08;12,8;100,0;
45;2020-09-27;08.00.08;12,7;100,0;
46;2020-09-27;10.00.08;14,7;98,1;
47;2020-09-27;12.00.08;17,3;88,5;
48;2020-09-27;14.00.08;19,8;73,3;
49;2020-09-27;16.00.08;20,0;68,7;
50;2020-09-27;18.00.08;17,9;79,9;
51;2020-09-27;20.00.08;16,4;81,5;
52;2020-09-27;22.00.08;14,8;89,1;
53;2020-09-28;00.00.08;13,8;95,9;
54;2020-09-28;02.00.08;13,5;98,3;
55;2020-09-28;04.00.08;12,5;100,0;
56;2020-09-28;06.00.08;12,1;100,0;
57;2020-09-28;08.00.08;11,6;100,0;
58;2020-09-28;10.00.08;13,2;99,9;
59;2020-09-28;12.00.08;15,3;91,3;
60;2020-09-28;14.00.08;16,4;84,9;
61;2020-09-28;16.00.08;16,4;80,4;
62;2020-09-28;18.00.08;15,9;83,4;
63;2020-09-28;20.00.08;14,3;87,1;
64;2020-09-28;22.00.08;14,0;85,6;
65;2020-09-29;00.00.08;13,4;92,0;
66;2020-09-29;02.00.08;12,8;99,1;
67;2020-09-29;04.00.08;12,4;100,0;
68;2020-09-29;06.00.08;12,6;100,0;
69;2020-09-29;08.00.08;12,5;100,0;
70;2020-09-29;10.00.08;13,0;100,0;
71;2020-09-29;12.00.08;13,9;97,1;
72;2020-09-29;14.00.08;13,9;97,4;
73;2020-09-29;16.00.08;14,1;97,2;
74;2020-09-29;18.00.08;13,7;99,5;
75;2020-09-29;20.00.08;13,2;100,0;
76;2020-09-29;22.00.08;12,8;100,0;
77;2020-09-30;00.00.08;12,8;100,0;
78;2020-09-30;02.00.08;12,8;100,0;
79;2020-09-30;04.00.08;12,7;100,0;
80;2020-09-30;06.00.08;12,5;100,0;
81;2020-09-30;08.00.08;12,7;100,0;
82;2020-09-30;10.00.08;12,7;100,0;
83;2020-09-30;12.00.08;12,9;100,0;
84;2020-09-30;14.00.08;13,8;100,0;
85;2020-09-30;16.00.08;13,8;98,8;
86;2020-09-30;18.00.08;13,1;99,5;
87;2020-09-30;20.00.08;10,4;100,0;
88;2020-09-30;22.00.08;9,8;100,0;
89;2020-10-01;00.00.08;11,5;100,0;
90;2020-10-01;02.00.08;9,9;100,0;
91;2020-10-01;04.00.08;10,8;100,0;
92;2020-10-01;06.00.08;10,6;100,0;
93;2020-10-01;08.00.08;10,1;100,0;
94;2020-10-01;10.00.08;10,8;100,0;
95;2020-10-01;12.00.08;12,0;100,0;
96;2020-10-01;14.00.08;13,9;91,8;
97;2020-10-01;16.00.08;14,7;86,9;
98;2020-10-01;18.00.08;14,1;88,5;
99;2020-10-01;20.00.08;12,6;92,0;
100;2020-10-01;22.00.08;11,8;92,9;
101;2020-10-02;00.00.08;11,3;98,0;
102;2020-10-02;02.00.08;10,4;100,0;
103;2020-10-02;04.00.08;11,3;100,0;
104;2020-10-02;06.00.08;10,3;100,0;
105;2020-10-02;08.00.08;10,0;100,0;
106;2020-10-02;10.00.08;11,6;100,0;
107;2020-10-02;12.00.08;13,6;99,4;
108;2020-10-02;14.00.08;15,5;84,8;
109;2020-10-02;16.00.08;15,5;79,7;
110;2020-10-02;18.00.08;14,1;81,0;
111;2020-10-02;20.00.08;12,9;84,9;
112;2020-10-02;22.00.08;12,3;90,7;
113;2020-10-03;00.00.08;11,5;95,9;
114;2020-10-03;02.00.08;11,0;98,6;
115;2020-10-03;04.00.08;10,6;100,0;
116;2020-10-03;06.00.08;10,3;100,0;
117;2020-10-03;08.00.08;10,4;100,0;
118;2020-10-03;10.00.08;12,3;100,0;
119;2020-10-03;12.00.08;14,1;94,1;
120;2020-10-03;14.00.08;14,2;90,9;
121;2020-10-03;16.00.08;14,1;90,1;
122;2020-10-03;18.00.08;13,7;91,3;
123;2020-10-03;20.00.08;13,0;95,3;
124;2020-10-03;22.00.08;13,4;93,5;
125;2020-10-04;00.00.08;13,4;93,0;
126;2020-10-04;02.00.08;13,2;94,3;
127;2020-10-04;04.00.08;13,2;96,4;
128;2020-10-04;06.00.08;12,9;98,6;
129;2020-10-04;08.00.08;13,1;100,0;
130;2020-10-04;10.00.08;13,3;98,5;
131;2020-10-04;12.00.08;13,8;96,2;
132;2020-10-04;14.00.08;14,0;92,8;
133;2020-10-04;16.00.08;12,8;99,0;
134;2020-10-04;18.00.08;12,3;100,0;
135;2020-10-04;20.00.08;11,9;100,0;
136;2020-10-04;22.00.08;11,8;100,0;
137;2020-10-05;00.00.08;12,2;100,0;
138;2020-10-05;02.00.08;12,6;100,0;
139;2020-10-05;04.00.08;12,8;100,0;
140;2020-10-05;06.00.08;13,4;100,0;
141;2020-10-05;08.00.08;13,9;100,0;
142;2020-10-05;10.00.08;14,6;98,3;
143;2020-10-05;12.00.08;15,1;97,5;
144;2020-10-05;14.00.08;15,2;91,0;
145;2020-10-05;16.00.08;15,2;92,2;
146;2020-10-05;18.00.08;13,9;97,6;
147;2020-10-05;20.00.08;12,2;100,0;
148;2020-10-05;22.00.08;12,8;100,0;
149;2020-10-06;00.00.08;13,4;100,0;
150;2020-10-06;02.00.08;13,9;100,0;
151;2020-10-06;04.00.08;14,3;100,0;
152;2020-10-06;06.00.08;14,3;100,0;
153;2020-10-06;08.00.08;13,3;100,0;
154;2020-10-06;10.00.08;12,1;100,0;
155;2020-10-06;12.00.08;13,8;100,0;
156;2020-10-06;14.00.08;14,6;99,2;
157;2020-10-06;16.00.08;14,6;99,3;
158;2020-10-06;18.00.08;13,3;100,0;
159;2020-10-06;20.00.08;13,2;100,0;
160;2020-10-06;22.00.08;12,9;100,0;
161;2020-10-07;00.00.08;12,4;100,0;
162;2020-10-07;02.00.08;11,8;100,0;
163;2020-10-07;04.00.08;12,1;100,0;
164;2020-10-07;06.00.08;12,1;100,0;
165;2020-10-07;08.00.08;11,9;100,0;
166;2020-10-07;10.00.08;11,9;100,0;
167;2020-10-07;12.00.08;12,6;100,0;
168;2020-10-07;14.00.08;13,7;97,5;
169;2020-10-07;16.00.08;13,5;98,1;
170;2020-10-07;18.00.08;13,0;100,0;
171;2020-10-07;20.00.08;12,8;100,0;
172;2020-10-07;22.00.08;12,5;100,0;
173;2020-10-08;00.00.08;13,1;100,0;
174;2020-10-08;02.00.08;12,3;100,0;
175;2020-10-08;04.00.08;12,3;100,0;
176;2020-10-08;06.00.08;12,3;100,0;
177;2020-10-08;08.00.08;12,2;100,0;
178;2020-10-08;10.00.08;12,5;100,0;
179;2020-10-08;12.00.08;13,1;100,0;
180;2020-10-08;14.00.08;13,8;100,0;
181;2020-10-08;16.00.08;13,8;99,9;
182;2020-10-08;18.00.08;12,7;100,0;
183;2020-10-08;20.00.08;11,5;100,0;
184;2020-10-08;22.00.08;12,0;100,0;
185;2020-10-09;00.00.08;12,2;100,0;
186;2020-10-09;02.00.08;12,0;100,0;
187;2020-10-09;04.00.08;11,7;100,0;
188;2020-10-09;06.00.08;11,6;100,0;
189;2020-10-09;08.00.08;11,5;100,0;
190;2020-10-09;10.00.08;11,9;100,0;
191;2020-10-09;12.00.08;12,2;100,0;
192;2020-10-09;14.00.08;11,5;100,0;
193;2020-10-09;16.00.08;11,1;100,0;
194;2020-10-09;18.00.08;12,1;100,0;
195;2020-10-09;20.00.08;10,2;100,0;
196;2020-10-09;22.00.08;9,6;100,0;
197;2020-10-10;00.00.08;9,6;100,0;
198;2020-10-10;02.00.08;10,2;99,3;
199;2020-10-10;04.00.08;9,2;100,0;
200;2020-10-10;06.00.08;8,9;100,0;
201;2020-10-10;08.00.08;8,5;100,0;
202;2020-10-10;10.00.08;8,4;100,0;
203;2020-10-10;12.00.08;11,9;97,7;
204;2020-10-10;14.00.08;12,8;89,2;
205;2020-10-10;16.00.08;12,9;86,7;
206;2020-10-10;18.00.08;11,0;99,7;
207;2020-10-10;20.00.08;9,1;100,0;
208;2020-10-10;22.00.08;10,6;100,0;
209;2020-10-11;00.00.08;10,5;100,0;
210;2020-10-11;02.00.08;10,6;100,0;
211;2020-10-11;04.00.08;10,0;100,0;
212;2020-10-11;06.00.08;10,4;100,0;
213;2020-10-11;08.00.08;10,6;100,0;
214;2020-10-11;10.00.08;10,8;100,0;
215;2020-10-11;12.00.08;11,3;100,0;
216;2020-10-11;14.00.08;10,9;100,0;
217;2020-10-11;16.00.08;10,9;100,0;
218;2020-10-11;18.00.08;9,2;100,0;
219;2020-10-11;20.00.08;7,6;100,0;
220;2020-10-11;22.00.08;6,8;100,0;
221;2020-10-12;00.00.08;6,6;100,0;
222;2020-10-12;02.00.08;6,2;100,0;
223;2020-10-12;04.00.08;6,0;100,0;
224;2020-10-12;06.00.08;6,8;100,0;
225;2020-10-12;08.00.08;7,3;100,0;
226;2020-10-12;10.00.08;8,1;100,0;
227;2020-10-12;12.00.08;9,7;100,0;
228;2020-10-12;14.00.08;9,8;100,0;
229;2020-10-12;16.00.08;9,7;100,0;
230;2020-10-12;18.00.08;9,3;100,0;
231;2020-10-12;20.00.08;8,6;100,0;
232;2020-10-12;22.00.08;8,3;100,0;
233;2020-10-13;00.00.08;6,7;100,0;
234;2020-10-13;02.00.08;6,5;100,0;
235;2020-10-13;04.00.08;5,1;100,0;
236;2020-10-13;06.00.08;6,3;100,0;
237;2020-10-13;08.00.08;5,9;100,0;
238;2020-10-13;10.00.08;6,8;100,0;
239;2020-10-13;12.00.08;8,9;100,0;
240;2020-10-13;14.00.08;9,7;92,2;
241;2020-10-13;16.00.08;9,1;100,0;
242;2020-10-13;18.00.08;8,0;100,0;
243;2020-10-13;20.00.08;5,7;100,0;
244;2020-10-13;22.00.08;5,2;100,0;
245;2020-10-14;00.00.08;4,9;100,0;
246;2020-10-14;02.00.08;4,9;100,0;
247;2020-10-14;04.00.08;5,9;100,0;
248;2020-10-14;06.00.08;6,2;100,0;
249;2020-10-14;08.00.08;6,6;100,0;
250;2020-10-14;10.00.08;6,8;100,0;
251;2020-10-14;12.00.08;8,3;100,0;
252;2020-10-14;14.00.08;8,9;98,8;
253;2020-10-14;16.00.08;8,6;95,8;
254;2020-10-14;18.00.08;7,6;100,0;
255;2020-10-14;20.00.08;6,4;100,0;
256;2020-10-14;22.00.08;5,3;100,0;
257;2020-10-15;00.00.08;5,3;100,0;
258;2020-10-15;02.00.08;4,6;100,0;
259;2020-10-15;04.00.08;4,4;100,0;
260;2020-10-15;06.00.08;3,6;100,0;
261;2020-10-15;08.00.08;3,0;100,0;
262;2020-10-15;10.00.08;2,9;100,0;
263;2020-10-15;12.00.08;4,4;92,1;
264;2020-10-15;14.00.08;6,0;89,2;
265;2020-10-15;16.00.08;7,0;89,6;
266;2020-10-15;18.00.08;5,3;96,4;
267;2020-10-15;20.00.08;4,2;100,0;
268;2020-10-15;22.00.08;4,8;100,0;
269;2020-10-16;00.00.08;4,8;98,6;
270;2020-10-16;02.00.08;4,7;100,0;
271;2020-10-16;04.00.08;4,4;100,0;
272;2020-10-16;06.00.08;2,9;100,0;
273;2020-10-16;08.00.08;2,3;100,0;
274;2020-10-16;10.00.08;2,6;100,0;
275;2020-10-16;12.00.08;4,7;93,7;
276;2020-10-16;14.00.08;6,1;89,2;
277;2020-10-16;16.00.08;6,3;85,3;
278;2020-10-16;18.00.08;5,0;95,5;
279;2020-10-16;20.00.08;2,5;100,0;
280;2020-10-16;22.00.08;2,7;100,0;
281;2020-10-17;00.00.08;1,5;100,0;
282;2020-10-17;02.00.08;1,0;100,0;
283;2020-10-17;04.00.08;0,7;100,0;
284;2020-10-17;06.00.08;0,9;100,0;
285;2020-10-17;08.00.08;1,0;100,0;
286;2020-10-17;10.00.08;5,3;100,0;
287;2020-10-17;12.00.08;6,7;99,7;
288;2020-10-17;14.00.08;8,3;94,8;
289;2020-10-17;16.00.08;8,3;89,0;
290;2020-10-17;18.00.08;8,0;87,0;
291;2020-10-17;20.00.08;8,1;94,2;
292;2020-10-17;22.00.08;8,5;95,3;
293;2020-10-18;00.00.08;8,4;98,8;
294;2020-10-18;02.00.08;7,4;100,0;
295;2020-10-18;04.00.08;6,8;100,0;
296;2020-10-18;06.00.08;4,9;100,0;
297;2020-10-18;08.00.08;4,2;100,0;
298;2020-10-18;10.00.08;2,5;100,0;
299;2020-10-18;12.00.08;4,1;100,0;
300;2020-10-18;14.00.08;4,9;99,1;
301;2020-10-18;16.00.08;4,5;93,3;
302;2020-10-18;18.00.08;1,7;100,0;
303;2020-10-18;20.00.08;1,9;100,0;
304;2020-10-18;22.00.08;1,7;100,0;
305;2020-10-19;00.00.08;1,5;100,0;
306;2020-10-19;02.00.08;1,9;100,0;
307;2020-10-19;04.00.08;1,8;100,0;
308;2020-10-19;06.00.08;1,7;100,0;
309;2020-10-19;08.00.08;0,8;100,0;
310;2020-10-19;10.00.08;1,0;100,0;
311;2020-10-19;12.00.08;2,0;100,0;
312;2020-10-19;14.00.08;2,5;99,9;
313;2020-10-19;16.00.08;2,4;100,0;
314;2020-10-19;18.00.08;1,1;100,0;
315;2020-10-19;20.00.08;0,6;100,0;
316;2020-10-19;22.00.08;1,7;100,0;
317;2020-10-20;00.00.08;1,8;100,0;
318;2020-10-20;02.00.08;1,9;100,0;
319;2020-10-20;04.00.08;1,4;100,0;
320;2020-10-20;06.00.08;1,4;100,0;
321;2020-10-20;08.00.08;1,0;99,0;
322;2020-10-20;10.00.08;1,3;95,1;
323;2020-10-20;12.00.08;1,7;98,0;
324;2020-10-20;14.00.08;1,7;89,9;
325;2020-10-20;16.00.08;1,9;90,3;
326;2020-10-20;18.00.08;0,6;98,2;
327;2020-10-20;20.00.08;-0,8;100,0;
328;2020-10-20;22.00.08;-0,5;100,0;
329;2020-10-21;00.00.08;0,6;100,0;
330;2020-10-21;02.00.08;1,2;100,0;
331;2020-10-21;04.00.08;2,0;100,0;
332;2020-10-21;06.00.08;3,3;100,0;
333;2020-10-21;08.00.08;4,7;100,0;
334;2020-10-21;10.00.08;5,6;100,0;
335;2020-10-21;12.00.08;6,0;100,0;
336;2020-10-21;14.00.08;6,0;100,0;
337;2020-10-21;16.00.08;6,2;100,0;
338;2020-10-21;18.00.08;6,7;100,0;
339;2020-10-21;20.00.08;7,3;100,0;
340;2020-10-21;22.00.08;8,0;100,0;
341;2020-10-22;00.00.08;8,6;100,0;
342;2020-10-22;02.00.08;9,4;100,0;
343;2020-10-22;04.00.08;10,0;100,0;
344;2020-10-22;06.00.08;10,1;100,0;
345;2020-10-22;08.00.08;9,8;100,0;
346;2020-10-22;10.00.08;9,1;100,0;
347;2020-10-22;12.00.08;9,4;100,0;
348;2020-10-22;14.00.08;9,7;100,0;
349;2020-10-22;16.00.08;10,3;100,0;
350;2020-10-22;18.00.08;11,1;100,0;
351;2020-10-22;20.00.08;10,6;100,0;
352;2020-10-22;22.00.08;9,3;100,0;
353;2020-10-23;00.00.08;9,7;100,0;
354;2020-10-23;02.00.08;9,4;100,0;
355;2020-10-23;04.00.08;9,3;100,0;
356;2020-10-23;06.00.08;10,5;100,0;
357;2020-10-23;08.00.08;10,0;100,0;
358;2020-10-23;10.00.08;9,9;100,0;
359;2020-10-23;12.00.08;8,8;100,0;
360;2020-10-23;14.00.08;7,3;100,0;
361;2020-10-23;16.00.08;6,4;100,0;
362;2020-10-23;18.00.08;5,2;100,0;
363;2020-10-23;20.00.08;4,1;100,0;
364;2020-10-23;22.00.08;2,5;100,0;
365;2020-10-24;00.00.08;0,9;100,0;
366;2020-10-24;02.00.08;0,5;100,0;
367;2020-10-24;04.00.08;0,1;100,0;
368;2020-10-24;06.00.08;1,3;100,0;
369;2020-10-24;08.00.08;0,6;100,0;
370;2020-10-24;10.00.08;0,9;100,0;
371;2020-10-24;12.00.08;3,7;100,0;
372;2020-10-24;14.00.08;5,2;97,0;
373;2020-10-24;16.00.08;5,0;100,0;
374;2020-10-24;18.00.08;4,7;100,0;
375;2020-10-24;20.00.08;4,1;100,0;
376;2020-10-24;22.00.08;4,4;100,0;
377;2020-10-25;00.00.08;3,8;100,0;
378;2020-10-25;02.00.08;3,9;100,0;
379;2020-10-25;04.00.08;3,3;100,0;
380;2020-10-25;06.00.08;3,3;100,0;
381;2020-10-25;08.00.08;3,4;100,0;
382;2020-10-25;10.00.08;3,7;100,0;
383;2020-10-25;12.00.08;4,2;100,0;
384;2020-10-25;14.00.08;5,7;100,0;
385;2020-10-25;16.00.08;6,8;100,0;
386;2020-10-25;18.00.08;7,0;100,0;
387;2020-10-25;20.00.08;8,0;100,0;
388;2020-10-25;22.00.08;8,5;100,0;
389;2020-10-26;00.00.08;9,3;100,0;
390;2020-10-26;02.00.08;10,1;100,0;
391;2020-10-26;04.00.08;10,9;100,0;
392;2020-10-26;06.00.08;11,0;100,0;
393;2020-10-26;08.00.08;10,7;100,0;
394;2020-10-26;10.00.08;10,7;100,0;
395;2020-10-26;12.00.08;10,6;100,0;
396;2020-10-26;14.00.08;9,8;100,0;
397;2020-10-26;16.00.08;10,3;100,0;
398;2020-10-26;18.00.08;10,2;100,0;
399;2020-10-26;20.00.08;10,0;100,0;
400;2020-10-26;22.00.08;9,9;100,0;
401;2020-10-27;00.00.08;10,0;100,0;
402;2020-10-27;02.00.08;10,1;100,0;
403;2020-10-27;04.00.08;10,0;100,0;
404;2020-10-27;06.00.08;10,3;100,0;
405;2020-10-27;08.00.08;10,5;100,0;
406;2020-10-27;10.00.08;10,7;100,0;
407;2020-10-27;12.00.08;11,2;100,0;
408;2020-10-27;14.00.08;11,5;100,0;
409;2020-10-27;16.00.08;11,5;100,0;
410;2020-10-27;18.00.08;10,9;100,0;
411;2020-10-27;20.00.08;10,3;100,0;
412;2020-10-27;22.00.08;9,7;100,0;
413;2020-10-28;00.00.08;9,6;100,0;
414;2020-10-28;02.00.08;8,2;100,0;
415;2020-10-28;04.00.08;8,0;100,0;
416;2020-10-28;06.00.08;8,3;100,0;
417;2020-10-28;08.00.08;7,9;100,0;
418;2020-10-28;10.00.08;8,4;100,0;
419;2020-10-28;12.00.08;9,8;100,0;
420;2020-10-28;14.00.08;10,8;99,1;
421;2020-10-28;16.00.08;10,2;100,0;
422;2020-10-28;18.00.08;9,7;100,0;
423;2020-10-28;20.00.08;9,7;100,0;
424;2020-10-28;22.00.08;9,4;100,0;
425;2020-10-29;00.00.08;9,0;100,0;
426;2020-10-29;02.00.08;9,3;100,0;
427;2020-10-29;04.00.08;9,0;100,0;
428;2020-10-29;06.00.08;8,4;100,0;
429;2020-10-29;08.00.08;8,1;100,0;
430;2020-10-29;10.00.08;8,7;100,0;
431;2020-10-29;12.00.08;9,9;100,0;
432;2020-10-29;14.00.08;8,9;100,0;
433;2020-10-29;16.00.08;9,6;100,0;
434;2020-10-29;18.00.08;9,1;100,0;
435;2020-10-29;20.00.08;9,1;100,0;
436;2020-10-29;22.00.08;8,2;100,0;
437;2020-10-30;00.00.08;7,1;100,0;
438;2020-10-30;02.00.08;8,3;100,0;
439;2020-10-30;04.00.08;7,7;100,0;
440;2020-10-30;06.00.08;7,8;100,0;
441;2020-10-30;08.00.08;8,2;100,0;
442;2020-10-30;10.00.08;8,4;100,0;
443;2020-10-30;12.00.08;9,6;100,0;
444;2020-10-30;14.00.08;10,3;100,0;
445;2020-10-30;16.00.08;10,0;100,0;
446;2020-10-30;18.00.08;8,2;100,0;
447;2020-10-30;20.00.08;7,1;100,0;
448;2020-10-30;22.00.08;7,0;100,0;
449;2020-10-31;00.00.08;7,6;100,0;
450;2020-10-31;02.00.08;7,6;100,0;
451;2020-10-31;04.00.08;7,6;100,0;
452;2020-10-31;06.00.08;7,5;100,0;
453;2020-10-31;08.00.08;7,3;100,0;
454;2020-10-31;10.00.08;7,5;100,0;
455;2020-10-31;12.00.08;8,2;100,0;
456;2020-10-31;14.00.08;8,7;100,0;
457;2020-10-31;16.00.08;7,4;100,0;
458;2020-10-31;18.00.08;7,5;100,0;
459;2020-10-31;20.00.08;6,6;100,0;
460;2020-10-31;22.00.08;7,4;100,0;
461;2020-11-01;00.00.08;7,8;100,0;
462;2020-11-01;02.00.08;7,7;100,0;
463;2020-11-01;04.00.08;7,5;100,0;
464;2020-11-01;06.00.08;6,7;100,0;
465;2020-11-01;08.00.08;7,2;100,0;
466;2020-11-01;10.00.08;7,6;100,0;
467;2020-11-01;12.00.08;8,3;100,0;
468;2020-11-01;14.00.08;8,0;100,0;
469;2020-11-01;16.00.08;7,7;100,0;
470;2020-11-01;18.00.08;7,6;100,0;
471;2020-11-01;20.00.08;7,9;100,0;
472;2020-11-01;22.00.08;8,3;100,0;
473;2020-11-02;00.00.08;8,3;98,4;
474;2020-11-02;02.00.08;8,3;99,8;
475;2020-11-02;04.00.08;8,1;99,2;
476;2020-11-02;06.00.08;7,4;100,0;
477;2020-11-02;08.00.08;7,1;100,0;
478;2020-11-02;10.00.08;7,0;99,0;
479;2020-11-02;12.00.08;7,2;98,8;
480;2020-11-02;14.00.08;6,8;100,0;
481;2020-11-02;16.00.08;7,2;100,0;
482;2020-11-02;18.00.08;7,6;100,0;
483;2020-11-02;20.00.08;8,6;100,0;
484;2020-11-02;22.00.08;9,8;100,0;
485;2020-11-03;00.00.08;10,4;100,0;
486;2020-11-03;02.00.08;11,1;100,0;
487;2020-11-03;04.00.08;11,6;100,0;
488;2020-11-03;06.00.08;12,2;100,0;
489;2020-11-03;08.00.08;11,0;100,0;
490;2020-11-03;10.00.08;9,6;100,0;
491;2020-11-03;12.00.08;10,4;99,7;
492;2020-11-03;14.00.08;10,1;100,0;
493;2020-11-03;16.00.08;10,4;94,7;
494;2020-11-03;18.00.08;10,0;96,6;
495;2020-11-03;20.00.08;9,7;99,5;
496;2020-11-03;22.00.08;9,4;100,0;
497;2020-11-04;00.00.08;8,4;100,0;
498;2020-11-04;02.00.08;5,5;100,0;
499;2020-11-04;04.00.08;6,1;100,0;
500;2020-11-04;06.00.08;4,3;100,0;
501;2020-11-04;08.00.08;6,5;100,0;
502;2020-11-04;10.00.08;6,4;100,0;
503;2020-11-04;12.00.08;8,2;100,0;
504;2020-11-04;14.00.08;9,4;100,0;
505;2020-11-04;16.00.08;6,5;100,0;
506;2020-11-04;18.00.08;6,6;100,0;
507;2020-11-04;20.00.08;3,7;100,0;
508;2020-11-04;22.00.08;3,2;100,0;
509;2020-11-05;00.00.08;3,8;100,0;
510;2020-11-05;02.00.08;3,5;100,0;
511;2020-11-05;04.00.08;5,1;100,0;
512;2020-11-05;06.00.08;4,4;100,0;
513;2020-11-05;08.00.08;4,8;100,0;
514;2020-11-05;10.00.08;6,2;100,0;
515;2020-11-05;12.00.08;7,5;100,0;
516;2020-11-05;14.00.08;8,2;96,8;
517;2020-11-05;16.00.08;8,5;94,8;
518;2020-11-05;18.00.08;7,8;96,9;
519;2020-11-05;20.00.08;7,0;95,8;
520;2020-11-05;22.00.08;5,3;100,0;
521;2020-11-06;00.00.08;3,4;100,0;
522;2020-11-06;02.00.08;3,7;100,0;
523;2020-11-06;04.00.08;6,8;96,2;
524;2020-11-06;06.00.08;6,7;92,2;
525;2020-11-06;08.00.08;5,0;97,5;
526;2020-11-06;10.00.08;5,0;99,2;
527;2020-11-06;12.00.08;8,3;94,6;
528;2020-11-06;14.00.08;9,7;96,9;
529;2020-11-06;16.00.08;9,1;100,0;
530;2020-11-06;18.00.08;9,2;100,0;
531;2020-11-06;20.00.08;8,7;100,0;
532;2020-11-06;22.00.08;8,5;100,0;
533;2020-11-07;00.00.08;9,2;98,3;
534;2020-11-07;02.00.08;8,4;99,9;
535;2020-11-07;04.00.08;7,7;100,0;
536;2020-11-07;06.00.08;5,2;100,0;
537;2020-11-07;08.00.08;5,2;100,0;
538;2020-11-07;10.00.08;5,9;100,0;
539;2020-11-07;12.00.08;7,8;100,0;
540;2020-11-07;14.00.08;10,7;98,8;
541;2020-11-07;16.00.08;8,7;99,6;
542;2020-11-07;18.00.08;8,2;100,0;
543;2020-11-07;20.00.08;8,4;100,0;
544;2020-11-07;22.00.08;8,5;100,0;
545;2020-11-08;00.00.08;7,7;100,0;
546;2020-11-08;02.00.08;7,3;100,0;
547;2020-11-08;04.00.08;7,0;100,0;
548;2020-11-08;06.00.08;6,2;100,0;
549;2020-11-08;08.00.08;3,4;100,0;
550;2020-11-08;10.00.08;2,0;100,0;
551;2020-11-08;12.00.08;3,0;100,0;
552;2020-11-08;14.00.08;4,2;92,3;
553;2020-11-08;16.00.08;4,1;91,5;
554;2020-11-08;18.00.08;1,9;97,8;
555;2020-11-08;20.00.08;1,3;100,0;
556;2020-11-08;22.00.08;1,5;100,0;
557;2020-11-09;00.00.08;1,8;100,0;
558;2020-11-09;02.00.08;0,9;100,0;
559;2020-11-09;04.00.08;1,4;100,0;
560;2020-11-09;06.00.08;3,9;100,0;
561;2020-11-09;08.00.08;4,6;100,0;
562;2020-11-09;10.00.08;5,3;100,0;
563;2020-11-09;12.00.08;6,0;100,0;
564;2020-11-09;14.00.08;6,5;94,4;
565;2020-11-09;16.00.08;6,8;93,9;
566;2020-11-09;18.00.08;4,5;100,0;
567;2020-11-09;20.00.08;3,7;100,0;
568;2020-11-09;22.00.08;2,6;100,0;
569;2020-11-10;00.00.08;1,4;100,0;
570;2020-11-10;02.00.08;2,0;100,0;
571;2020-11-10;04.00.08;1,2;100,0;
572;2020-11-10;06.00.08;-0,3;100,0;
573;2020-11-10;08.00.08;-0,7;100,0;
574;2020-11-10;10.00.08;-0,5;100,0;
575;2020-11-10;12.00.08;1,5;100,0;
576;2020-11-10;14.00.08;3,0;100,0;
577;2020-11-10;16.00.08;3,0;100,0;
578;2020-11-10;18.00.08;1,3;100,0;
579;2020-11-10;20.00.08;-0,7;100,0;
580;2020-11-10;22.00.08;0,4;100,0;
581;2020-11-11;00.00.08;1,9;100,0;
582;2020-11-11;02.00.08;2,2;100,0;
583;2020-11-11;04.00.08;2,7;100,0;
584;2020-11-11;06.00.08;3,4;100,0;
585;2020-11-11;08.00.08;3,7;100,0;
586;2020-11-11;10.00.08;4,0;100,0;
587;2020-11-11;12.00.08;5,3;100,0;
588;2020-11-11;14.00.08;5,9;100,0;
589;2020-11-11;16.00.08;6,4;100,0;
590;2020-11-11;18.00.08;6,2;100,0;
591;2020-11-11;20.00.08;6,6;100,0;
592;2020-11-11;22.00.08;6,6;100,0;
593;2020-11-12;00.00.08;6,4;100,0;
594;2020-11-12;02.00.08;7,1;100,0;
595;2020-11-12;04.00.08;7,1;100,0;
596;2020-11-12;06.00.08;6,8;100,0;
597;2020-11-12;08.00.08;5,9;100,0;
598;2020-11-12;10.00.08;5,7;100,0;
599;2020-11-12;12.00.08;6,2;100,0;
600;2020-11-12;14.00.08;6,0;98,2;
601;2020-11-12;16.00.08;5,6;99,7;
602;2020-11-12;18.00.08;5,3;100,0;
603;2020-11-12;20.00.08;5,3;100,0;
604;2020-11-12;22.00.08;5,5;98,6;
605;2020-11-13;00.00.08;5,5;99,8;
606;2020-11-13;02.00.08;5,4;97,8;
607;2020-11-13;04.00.08;5,2;99,8;
608;2020-11-13;06.00.08;5,2;99,3;
609;2020-11-13;08.00.08;5,1;99,3;
610;2020-11-13;10.00.08;5,1;100,0;
611;2020-11-13;12.00.08;5,5;95,4;
612;2020-11-13;14.00.08;5,7;97,8;
613;2020-11-13;16.00.08;5,2;100,0;
614;2020-11-13;18.00.08;4,9;100,0;
615;2020-11-13;20.00.08;4,6;99,3;
616;2020-11-13;22.00.08;4,3;99,3;
617;2020-11-14;00.00.08;4,1;100,0;
618;2020-11-14;02.00.08;4,1;100,0;
619;2020-11-14;04.00.08;4,0;99,4;
620;2020-11-14;06.00.08;4,0;100,0;
621;2020-11-14;08.00.08;3,9;100,0;
622;2020-11-14;10.00.08;3,9;100,0;
623;2020-11-14;12.00.08;4,4;100,0;
624;2020-11-14;14.00.08;4,8;100,0;
625;2020-11-14;16.00.08;4,7;100,0;
626;2020-11-14;18.00.08;4,6;100,0;
627;2020-11-14;20.00.08;4,4;100,0;
628;2020-11-14;22.00.08;4,4;100,0;
629;2020-11-15;00.00.08;4,6;100,0;
630;2020-11-15;02.00.08;4,6;100,0;
631;2020-11-15;04.00.08;4,8;100,0;
632;2020-11-15;06.00.08;5,0;100,0;
633;2020-11-15;08.00.08;4,8;100,0;
634;2020-11-15;10.00.08;4,6;100,0;
635;2020-11-15;12.00.08;4,5;99,5;
636;2020-11-15;14.00.08;4,5;98,3;
637;2020-11-15;16.00.08;3,5;98,1;
638;2020-11-15;18.00.08;3,0;99,9;
639;2020-11-15;20.00.08;3,2;99,8;
640;2020-11-15;22.00.08;3,4;98,7;
641;2020-11-16;00.00.08;3,4;98,6;
642;2020-11-16;02.00.08;3,2;100,0;
643;2020-11-16;04.00.08;3,7;100,0;
644;2020-11-16;06.00.08;3,8;100,0;
645;2020-11-16;08.00.08;4,1;100,0;
646;2020-11-16;10.00.08;4,0;100,0;
647;2020-11-16;12.00.08;4,0;100,0;
648;2020-11-16;14.00.08;4,2;100,0;
649;2020-11-16;16.00.08;4,4;100,0;
650;2020-11-16;18.00.08;4,7;100,0;
651;2020-11-16;20.00.08;4,7;100,0;
652;2020-11-16;22.00.08;5,1;100,0;
653;2020-11-17;00.00.08;5,3;100,0;
654;2020-11-17;02.00.08;5,8;100,0;
655;2020-11-17;04.00.08;5,5;100,0;
656;2020-11-17;06.00.08;5,5;100,0;
657;2020-11-17;08.00.08;5,6;100,0;
658;2020-11-17;10.00.08;5,6;100,0;
659;2020-11-17;12.00.08;5,7;100,0;
660;2020-11-17;14.00.08;5,9;100,0;
661;2020-11-17;16.00.08;6,1;100,0;
662;2020-11-17;18.00.08;6,5;100,0;
663;2020-11-17;20.00.08;7,5;100,0;
664;2020-11-17;22.00.08;8,2;100,0;
665;2020-11-18;00.00.08;8,2;100,0;
666;2020-11-18;02.00.08;7,8;100,0;
667;2020-11-18;04.00.08;8,1;100,0;
668;2020-11-18;06.00.08;9,1;100,0;
669;2020-11-18;08.00.08;9,6;100,0;
670;2020-11-18;10.00.08;9,0;100,0;
671;2020-11-18;12.00.08;8,8;100,0;
672;2020-11-18;14.00.08;9,7;100,0;
673;2020-11-18;16.00.08;9,8;100,0;
674;2020-11-18;18.00.08;9,9;100,0;
675;2020-11-18;20.00.08;10,4;100,0;
676;2020-11-18;22.00.08;10,7;100,0;
677;2020-11-19;00.00.08;10,7;100,0;
678;2020-11-19;02.00.08;10,6;100,0;
679;2020-11-19;04.00.08;10,2;100,0;
680;2020-11-19;06.00.08;9,5;100,0;
681;2020-11-19;08.00.08;8,9;100,0;
682;2020-11-19;10.00.08;8,9;100,0;
683;2020-11-19;12.00.08;9,5;100,0;
684;2020-11-19;14.00.08;9,3;100,0;
685;2020-11-19;16.00.08;8,6;94,2;
686;2020-11-19;18.00.08;7,7;100,0;
687;2020-11-19;20.00.08;6,2;100,0;
688;2020-11-19;22.00.08;3,7;100,0;
689;2020-11-20;00.00.08;2,7;100,0;
690;2020-11-20;02.00.08;0,8;100,0;
691;2020-11-20;04.00.08;0,0;100,0;
692;2020-11-20;06.00.08;-0,7;100,0;
693;2020-11-20;08.00.08;-1,5;100,0;
694;2020-11-20;10.00.08;-1,4;100,0;
695;2020-11-20;12.00.08;0,2;100,0;
696;2020-11-20;14.00.08;0,5;100,0;
697;2020-11-20;16.00.08;0,5;100,0;
698;2020-11-20;18.00.08;0,4;100,0;
699;2020-11-20;20.00.08;0,2;100,0;
700;2020-11-20;22.00.08;-0,3;100,0;
701;2020-11-21;00.00.08;-0,2;100,0;
702;2020-11-21;02.00.08;-1,2;100,0;
703;2020-11-21;04.00.08;-1,8;100,0;
704;2020-11-21;06.00.08;-2,2;100,0;
705;2020-11-21;08.00.08;-2,3;100,0;
706;2020-11-21;10.00.08;-1,6;100,0;
707;2020-11-21;12.00.08;0,2;100,0;
708;2020-11-21;14.00.08;1,6;100,0;
709;2020-11-21;16.00.08;3,1;100,0;
710;2020-11-21;18.00.08;3,7;100,0;
711;2020-11-21;20.00.08;4,8;100,0;
712;2020-11-21;22.00.08;6,4;100,0;
713;2020-11-22;00.00.08;6,4;100,0;
714;2020-11-22;02.00.08;6,6;100,0;
715;2020-11-22;04.00.08;5,2;100,0;
716;2020-11-22;06.00.08;4,9;100,0;
717;2020-11-22;08.00.08;5,1;100,0;
718;2020-11-22;10.00.08;4,4;100,0;
719;2020-11-22;12.00.08;5,4;100,0;
720;2020-11-22;14.00.08;5,9;100,0;
721;2020-11-22;16.00.08;5,5;100,0;
722;2020-11-22;18.00.08;5,5;100,0;
723;2020-11-22;20.00.08;5,8;100,0;
724;2020-11-22;22.00.08;5,4;100,0;
725;2020-11-23;00.00.08;4,9;100,0;
726;2020-11-23;02.00.08;3,8;100,0;
727;2020-11-23;04.00.08;4,0;100,0;
728;2020-11-23;06.00.08;4,2;100,0;
729;2020-11-23;08.00.08;4,1;100,0;
730;2020-11-23;10.00.08;3,9;99,4;
731;2020-11-23;12.00.08;4,4;95,4;
732;2020-11-23;14.00.08;5,5;94,2;
733;2020-11-23;16.00.08;5,1;96,7;
734;2020-11-23;18.00.08;4,0;100,0;
735;2020-11-23;20.00.08;4,0;100,0;
736;2020-11-23;22.00.08;3,9;100,0;
737;2020-11-24;00.00.08;4,0;100,0;
738;2020-11-24;02.00.08;3,2;100,0;
739;2020-11-24;04.00.08;3,2;100,0;
740;2020-11-24;06.00.08;2,1;100,0;
741;2020-11-24;08.00.08;2,2;100,0;
742;2020-11-24;10.00.08;2,3;100,0;
743;2020-11-24;12.00.08;3,0;99,4;
744;2020-11-24;14.00.08;3,7;96,1;
745;2020-11-24;16.00.08;2,2;99,9;
746;2020-11-24;18.00.08;1,5;100,0;
747;2020-11-24;20.00.08;1,3;100,0;
748;2020-11-24;22.00.08;2,0;100,0;
749;2020-11-25;00.00.08;2,0;100,0;
750;2020-11-25;02.00.08;2,2;100,0;
751;2020-11-25;04.00.08;2,4;100,0;
752;2020-11-25;06.00.08;2,2;100,0;
753;2020-11-25;08.00.08;1,9;100,0;
754;2020-11-25;10.00.08;2,2;100,0;
755;2020-11-25;12.00.08;3,4;100,0;
756;2020-11-25;14.00.08;5,0;100,0;
757;2020-11-25;16.00.08;6,3;100,0;
758;2020-11-25;18.00.08;6,9;100,0;
759;2020-11-25;20.00.08;7,7;100,0;
760;2020-11-25;22.00.08;7,7;100,0;
761;2020-11-26;00.00.08;7,5;100,0;
762;2020-11-26;02.00.08;7,3;100,0;
763;2020-11-26;04.00.08;7,4;100,0;
764;2020-11-26;06.00.08;7,5;100,0;
765;2020-11-26;08.00.08;7,1;100,0;
766;2020-11-26;10.00.08;6,6;100,0;
767;2020-11-26;12.00.08;6,4;100,0;
768;2020-11-26;14.00.08;5,8;100,0;
769;2020-11-26;16.00.08;4,2;100,0;
770;2020-11-26;18.00.08;3,0;100,0;
771;2020-11-26;20.00.08;2,1;100,0;
772;2020-11-26;22.00.08;1,1;100,0;
773;2020-11-27;00.00.08;0,8;100,0;
774;2020-11-27;02.00.08;0,3;100,0;
775;2020-11-27;04.00.08;0,1;97,8;
776;2020-11-27;06.00.08;0,1;99,9;
777;2020-11-27;08.00.08;0,3;100,0;
778;2020-11-27;10.00.08;0,2;100,0;
779;2020-11-27;12.00.08;0,2;100,0;
780;2020-11-27;14.00.08;0,8;99,5;
781;2020-11-27;16.00.08;0,7;99,4;
782;2020-11-27;18.00.08;0,6;99,0;
783;2020-11-27;20.00.08;0,0;100,0;
784;2020-11-27;22.00.08;-0,6;100,0;
785;2020-11-28;00.00.08;-0,7;100,0;
786;2020-11-28;02.00.08;-0,2;100,0;
787;2020-11-28;04.00.08;-0,1;100,0;
788;2020-11-28;06.00.08;0,3;97,6;
789;2020-11-28;08.00.08;0,0;98,7;
790;2020-11-28;10.00.08;0,3;98,9;
791;2020-11-28;12.00.08;0,8;98,7;
792;2020-11-28;14.00.08;1,4;99,5;
793;2020-11-28;16.00.08;1,4;99,7;
794;2020-11-28;18.00.08;0,6;100,0;
795;2020-11-28;20.00.08;1,3;100,0;
796;2020-11-28;22.00.08;1,4;100,0;
797;2020-11-29;00.00.08;1,3;100,0;
798;2020-11-29;02.00.08;1,4;100,0;
799;2020-11-29;04.00.08;1,4;100,0;
800;2020-11-29;06.00.08;1,3;100,0;
801;2020-11-29;08.00.08;1,1;100,0;
802;2020-11-29;10.00.08;1,1;100,0;
803;2020-11-29;12.00.08;1,2;100,0;
804;2020-11-29;14.00.08;1,4;100,0;
805;2020-11-29;16.00.08;1,1;100,0;
806;2020-11-29;18.00.08;0,7;100,0;
807;2020-11-29;20.00.08;0,3;100,0;
808;2020-11-29;22.00.08;0,0;99,1;
809;2020-11-30;00.00.08;0,2;100,0;
810;2020-11-30;02.00.08;0,2;100,0;
811;2020-11-30;04.00.08;-0,2;100,0;
812;2020-11-30;06.00.08;-0,3;100,0;
813;2020-11-30;08.00.08;-0,3;100,0;
814;2020-11-30;10.00.08;-0,3;100,0;
815;2020-11-30;12.00.08;-0,1;100,0;
816;2020-11-30;14.00.08;0,2;100,0;
817;2020-11-30;16.00.08;0,2;100,0;
818;2020-11-30;18.00.08;0,2;100,0;
819;2020-11-30;20.00.08;0,2;100,0;
820;2020-11-30;22.00.08;0,3;100,0;
821;2020-12-01;00.00.08;0,6;100,0;
822;2020-12-01;02.00.08;0,8;100,0;
823;2020-12-01;04.00.08;1,0;100,0;
824;2020-12-01;06.00.08;2,0;100,0;
825;2020-12-01;08.00.08;2,9;100,0;
826;2020-12-01;10.00.08;3,8;100,0;
827;2020-12-01;12.00.08;4,2;100,0;
828;2020-12-01;14.00.08;4,5;100,0;
829;2020-12-01;16.00.08;4,3;100,0;
830;2020-12-01;18.00.08;3,7;100,0;
831;2020-12-01;20.00.08;3,4;100,0;
832;2020-12-01;22.00.08;3,5;100,0;
833;2020-12-02;00.00.08;3,8;100,0;
834;2020-12-02;02.00.08;3,6;100,0;
835;2020-12-02;04.00.08;3,8;100,0;
836;2020-12-02;06.00.08;3,8;100,0;
837;2020-12-02;08.00.08;2,9;100,0;
838;2020-12-02;10.00.08;2,7;100,0;
839;2020-12-02;12.00.08;2,6;100,0;
840;2020-12-02;14.00.08;2,7;100,0;
841;2020-12-02;16.00.08;2,3;100,0;
842;2020-12-02;18.00.08;1,1;100,0;
843;2020-12-02;20.00.08;1,5;100,0;
844;2020-12-02;22.00.08;1,5;100,0;
845;2020-12-03;00.00.08;1,2;100,0;
846;2020-12-03;02.00.08;0,3;100,0;
847;2020-12-03;04.00.08;-0,2;100,0;
848;2020-12-03;06.00.08;-0,7;100,0;
849;2020-12-03;08.00.08;-1,1;100,0;
850;2020-12-03;10.00.08;-1,1;100,0;
851;2020-12-03;12.00.08;-0,9;96,4;
852;2020-12-03;14.00.08;-0,4;100,0;
853;2020-12-03;16.00.08;-0,4;100,0;
854;2020-12-03;18.00.08;-0,1;99,2;
855;2020-12-03;20.00.08;-0,1;99,4;
856;2020-12-03;22.00.08;0,2;99,7;
857;2020-12-04;00.00.08;0,3;100,0;
858;2020-12-04;02.00.08;0,6;100,0;
859;2020-12-04;04.00.08;0,6;99,9;
860;2020-12-04;06.00.08;0,5;98,6;
861;2020-12-04;08.00.08;0,9;97,5;
862;2020-12-04;10.00.08;1,3;97,3;
863;2020-12-04;12.00.08;0,2;100,0;
864;2020-12-04;14.00.08;0,3;100,0;
865;2020-12-04;16.00.08;0,3;100,0;
866;2020-12-04;18.00.08;0,4;100,0;
867;2020-12-04;20.00.08;0,7;100,0;
868;2020-12-04;22.00.08;1,0;100,0;
869;2020-12-05;00.00.08;1,5;100,0;
870;2020-12-05;02.00.08;1,6;100,0;
871;2020-12-05;04.00.08;1,8;100,0;
872;2020-12-05;06.00.08;2,1;100,0;
873;2020-12-05;08.00.08;2,5;100,0;
874;2020-12-05;10.00.08;3,0;100,0;
875;2020-12-05;12.00.08;3,3;100,0;
876;2020-12-05;14.00.08;3,7;100,0;
877;2020-12-05;16.00.08;4,0;100,0;
878;2020-12-05;18.00.08;4,0;100,0;
879;2020-12-05;20.00.08;4,0;100,0;
880;2020-12-05;22.00.08;3,9;100,0;
881;2020-12-06;00.00.08;3,8;100,0;
882;2020-12-06;02.00.08;3,8;100,0;
883;2020-12-06;04.00.08;3,4;100,0;
884;2020-12-06;06.00.08;3,4;100,0;
885;2020-12-06;08.00.08;3,6;100,0;
886;2020-12-06;10.00.08;3,8;100,0;
887;2020-12-06;12.00.08;3,8;100,0;
888;2020-12-06;14.00.08;3,7;100,0;
889;2020-12-06;16.00.08;3,4;100,0;
890;2020-12-06;18.00.08;3,3;100,0;
891;2020-12-06;20.00.08;3,0;100,0;
892;2020-12-06;22.00.08;3,0;100,0;
893;2020-12-07;00.00.08;3,1;100,0;
894;2020-12-07;02.00.08;2,9;100,0;
895;2020-12-07;04.00.08;3,0;100,0;
896;2020-12-07;06.00.08;1,1;100,0;
897;2020-12-07;08.00.08;0,1;97,3;
898;2020-12-07;10.00.08;0,2;92,2;
899;2020-12-07;12.00.08;1,1;87,1;
900;2020-12-07;14.00.08;1,4;84,3;
901;2020-12-07;16.00.08;0,6;86,7;
902;2020-12-07;18.00.08;0,6;86,0;
903;2020-12-07;20.00.08;-0,1;87,2;
904;2020-12-07;22.00.08;-0,9;88,5;
905;2020-12-08;00.00.08;-1,1;86,5;
906;2020-12-08;02.00.08;-1,4;86,9;
907;2020-12-08;04.00.08;-1,7;88,6;
908;2020-12-08;06.00.08;-1,9;91,3;
909;2020-12-08;08.00.08;-1,8;91,0;
910;2020-12-08;10.00.08;-1,8;92,7;
911;2020-12-08;12.00.08;-1,2;95,3;
912;2020-12-08;14.00.08;-0,5;97,4;
913;2020-12-08;16.00.08;-1,2;98,0;
914;2020-12-08;18.00.08;-1,7;100,0;
915;2020-12-08;20.00.08;-1,9;97,1;
916;2020-12-08;22.00.08;-2,2;94,4;
917;2020-12-09;00.00.08;-2,4;94,9;
918;2020-12-09;02.00.08;-2,6;93,9;
919;2020-12-09;04.00.08;-2,7;92,3;
920;2020-12-09;06.00.08;-2,7;90,9;
921;2020-12-09;08.00.08;-2,3;93,5;
922;2020-12-09;10.00.08;-2,2;97,5;
923;2020-12-09;12.00.08;-2,5;92,7;
924;2020-12-09;14.00.08;-2,5;93,4;
925;2020-12-09;16.00.08;-2,3;97,5;
926;2020-12-09;18.00.08;-1,9;99,7;
927;2020-12-09;20.00.08;-1,5;100,0;
928;2020-12-09;22.00.08;-2,0;95,9;
929;2020-12-10;00.00.08;-4,2;100,0;
930;2020-12-10;02.00.08;-4,4;100,0;
931;2020-12-10;04.00.08;-4,2;100,0;
932;2020-12-10;06.00.08;-3,2;100,0;
933;2020-12-10;08.00.08;-2,2;100,0;
934;2020-12-10;10.00.08;-2,2;100,0;
935;2020-12-10;12.00.08;-2,0;98,9;
936;2020-12-10;14.00.08;-1,8;97,1;
937;2020-12-10;16.00.08;-2,1;95,1;
938;2020-12-10;18.00.08;-2,1;96,1;
939;2020-12-10;20.00.08;-1,8;96,2;
940;2020-12-10;22.00.08;-1,6;97,0;
941;2020-12-11;00.00.08;-2,6;100,0;
942;2020-12-11;02.00.08;-3,0;100,0;
943;2020-12-11;04.00.08;-3,5;100,0;
944;2020-12-11;06.00.08;-3,1;97,4;
945;2020-12-11;08.00.08;-3,1;95,9;
946;2020-12-11;10.00.08;-3,3;97,9;
947;2020-12-11;12.00.08;-2,6;100,0;
948;2020-12-11;14.00.08;-1,9;100,0;
949;2020-12-11;16.00.08;-1,4;100,0;
950;2020-12-11;18.00.08;-1,3;100,0;
951;2020-12-11;20.00.08;-1,1;100,0;
952;2020-12-11;22.00.08;-0,9;100,0;
953;2020-12-12;00.00.08;-0,5;100,0;
954;2020-12-12;02.00.08;0,0;100,0;
955;2020-12-12;04.00.08;0,3;100,0;
956;2020-12-12;06.00.08;0,5;100,0;
957;2020-12-12;08.00.08;0,7;100,0;
958;2020-12-12;10.00.08;1,1;100,0;
959;2020-12-12;12.00.08;1,5;100,0;
960;2020-12-12;14.00.08;1,8;100,0;
961;2020-12-12;16.00.08;1,5;100,0;
962;2020-12-12;18.00.08;1,0;100,0;
963;2020-12-12;20.00.08;0,0;100,0;
964;2020-12-12;22.00.08;-0,3;100,0;
965;2020-12-13;00.00.08;-0,8;100,0;
966;2020-12-13;02.00.08;-0,9;100,0;
967;2020-12-13;04.00.08;-0,9;100,0;
968;2020-12-13;06.00.08;-1,7;100,0;
969;2020-12-13;08.00.08;-2,8;99,7;
970;2020-12-13;10.00.08;-3,1;100,0;
971;2020-12-13;12.00.08;-2,9;100,0;
972;2020-12-13;14.00.08;-2,2;100,0;
973;2020-12-13;16.00.08;-2,1;97,4;
974;2020-12-13;18.00.08;-1,9;97,5;
975;2020-12-13;20.00.08;-2,0;99,1;
976;2020-12-13;22.00.08;-1,9;98,2;
977;2020-12-14;00.00.08;-1,8;96,0;
978;2020-12-14;02.00.08;-1,8;95,6;
979;2020-12-14;04.00.08;-1,8;98,4;
980;2020-12-14;06.00.08;-1,8;98,0;
981;2020-12-14;08.00.08;-1,7;98,6;
982;2020-12-14;10.00.08;-1,8;98,2;
983;2020-12-14;12.00.08;-1,5;97,8;
984;2020-12-14;14.00.08;-1,4;96,4;
985;2020-12-14;16.00.08;-1,4;99,7;
986;2020-12-14;18.00.08;-1,5;100,0;
987;2020-12-14;20.00.08;-1,2;98,4;
988;2020-12-14;22.00.08;-0,8;100,0;
989;2020-12-15;00.00.08;-0,5;100,0;
990;2020-12-15;02.00.08;-0,4;100,0;
991;2020-12-15;04.00.08;-0,3;100,0;
992;2020-12-15;06.00.08;-0,1;100,0;
993;2020-12-15;08.00.08;-0,2;100,0;
994;2020-12-15;10.00.08;0,1;100,0;
995;2020-12-15;12.00.08;0,7;100,0;
996;2020-12-15;14.00.08;1,4;100,0;
997;2020-12-15;16.00.08;1,7;100,0;
998;2020-12-15;18.00.08;1,9;100,0;
999;2020-12-15;20.00.08;2,5;100,0;
1000;2020-12-15;22.00.08;2,8;100,0;
1001;2020-12-16;00.00.08;2,9;100,0;
1002;2020-12-16;02.00.08;2,1;100,0;
1003;2020-12-16;04.00.08;2,3;100,0;
1004;2020-12-16;06.00.08;2,3;100,0;
1005;2020-12-16;08.00.08;2,2;100,0;
1006;2020-12-16;10.00.08;2,3;100,0;
1007;2020-12-16;12.00.08;2,7;100,0;
1008;2020-12-16;14.00.08;3,3;100,0;
1009;2020-12-16;16.00.08;3,7;100,0;
1010;2020-12-16;18.00.08;3,9;100,0;
1011;2020-12-16;20.00.08;3,9;100,0;
1012;2020-12-16;22.00.08;3,1;100,0;
1013;2020-12-17;00.00.08;2,5;100,0;
1014;2020-12-17;02.00.08;2,6;100,0;
1015;2020-12-17;04.00.08;2,7;100,0;
1016;2020-12-17;06.00.08;2,6;100,0;
1017;2020-12-17;08.00.08;2,2;100,0;
1018;2020-12-17;10.00.08;1,8;100,0;
1019;2020-12-17;12.00.08;1,2;100,0;
1020;2020-12-17;14.00.08;0,7;100,0;
1021;2020-12-17;16.00.08;0,0;100,0;
1022;2020-12-17;18.00.08;-0,2;100,0;
1023;2020-12-17;20.00.08;-0,3;100,0;
1024;2020-12-17;22.00.08;-0,2;100,0;
1025;2020-12-18;00.00.08;0,2;100,0;
1026;2020-12-18;02.00.08;1,4;100,0;
1027;2020-12-18;04.00.08;2,9;100,0;
1028;2020-12-18;06.00.08;3,2;100,0;
1029;2020-12-18;08.00.08;2,9;100,0;
1030;2020-12-18;10.00.08;2,5;100,0;
1031;2020-12-18;12.00.08;2,5;100,0;
1032;2020-12-18;14.00.08;2,8;100,0;
1033;2020-12-18;16.00.08;3,0;100,0;
1034;2020-12-18;18.00.08;3,6;100,0;
1035;2020-12-18;20.00.08;3,6;100,0;
1036;2020-12-18;22.00.08;3,4;100,0;
1037;2020-12-19;00.00.08;3,5;100,0;
1038;2020-12-19;02.00.08;2,5;100,0;
1039;2020-12-19;04.00.08;2,0;100,0;
1040;2020-12-19;06.00.08;2,0;100,0;
1041;2020-12-19;08.00.08;2,1;100,0;
1042;2020-12-19;10.00.08;2,3;100,0;
1043;2020-12-19;12.00.08;3,4;100,0;
1044;2020-12-19;14.00.08;5,1;100,0;
1045;2020-12-19;16.00.08;6,0;100,0;
1046;2020-12-19;18.00.08;5,9;100,0;
1047;2020-12-19;20.00.08;6,3;100,0;
1048;2020-12-19;22.00.08;6,4;100,0;
1049;2020-12-20;00.00.08;6,1;100,0;
1050;2020-12-20;02.00.08;6,1;100,0;
1051;2020-12-20;04.00.08;5,8;100,0;
1052;2020-12-20;06.00.08;5,6;100,0;
1053;2020-12-20;08.00.08;5,8;100,0;
1054;2020-12-20;10.00.08;5,7;100,0;
1055;2020-12-20;12.00.08;5,8;100,0;
1056;2020-12-20;14.00.08;5,7;100,0;
1057;2020-12-20;16.00.08;5,7;100,0;
1058;2020-12-20;18.00.08;5,8;100,0;
1059;2020-12-20;20.00.08;4,5;100,0;
1060;2020-12-20;22.00.08;4,6;100,0;
1061;2020-12-21;00.00.08;4,3;100,0;
1062;2020-12-21;02.00.08;3,9;100,0;
1063;2020-12-21;04.00.08;3,6;100,0;
1064;2020-12-21;06.00.08;3,1;100,0;
1065;2020-12-21;08.00.08;3,2;100,0;
1066;2020-12-21;10.00.08;2,8;100,0;
1067;2020-12-21;12.00.08;2,8;100,0;
1068;2020-12-21;14.00.08;2,5;100,0;
1069;2020-12-21;16.00.08;2,8;100,0;
1070;2020-12-21;18.00.08;3,4;100,0;
1071;2020-12-21;20.00.08;3,7;100,0;
1072;2020-12-21;22.00.08;4,2;100,0;
1073;2020-12-22;00.00.08;4,4;100,0;
1074;2020-12-22;02.00.08;5,0;100,0;
1075;2020-12-22;04.00.08;5,2;100,0;
1076;2020-12-22;06.00.08;4,7;100,0;
1077;2020-12-22;08.00.08;4,4;100,0;
1078;2020-12-22;10.00.08;> 85,0;100,0;
